slope,intercept,r-value,p_value,std_err
0.054646727699644307,28.786875259156663,0.068411649701833194,0.17207981805424885,0.039946054817974544
