slope,intercept,r-value,p_value,std_err
0.094986766247538656,34.010077224145455,0.12018155287029531,7.0116738809688794e-08,0.017553684547930826
