slope,intercept,r-value,p_value,std_err
-0.0086754529667038057,51.161438836395078,-0.014510917233268302,0.77233242265742996,0.029964706610127415
-0.0069345052075377583,51.081693675896354,-0.0079371128485556004,0.87426140900185101,0.043792295167825339
