slope,intercept,r-value,p_value,std_err
0.013283969027442043,22.93849709793702,0.01998615974990146,0.37167583545241611,0.014866680288619406
0.033007675028318417,21.964074341021409,0.034687502323217261,0.1209570275149217,0.021275644723986454
