slope,intercept,r-value,p_value,std_err
0.084922166984969238,26.390692316467874,0.10607569233277084,0.033933457302557375,0.039903083237653271
