slope,intercept,r-value,p_value,std_err
0.025594617752875023,43.048898235237537,0.046618067917278891,0.35239738311730329,0.027490359170007236
