slope,intercept,r-value,p_value,std_err
-0.031844548456167174,26.207955691389344,-0.056643071913204786,0.25838195580042445,0.028135130722458778
-0.013027707124100512,25.487297840945381,-0.01647333774652961,0.74256541253967634,0.039635643403444283
