slope,intercept,r-value,p_value,std_err
0.062360962148144149,35.393776857497841,0.075354372455689794,0.13244990276189292,0.041364356887327369
